Workbook
Name База_Контр: [1]БазаКонтрагент!$B$2:$E$180
Name БазаиМаълумотТБ: #REF!
Name БазаиНЯХ: #REF!
Name БазаТБ: #REF!
Name БакияДарОхир: [1]БакияДарОхир!$B$8:$AMP$400
Name БакияДт_АввалСол: [1]Тартибдихи!$Q$8:$Q$400
Name БакияДт_ОхирСол: [1]Тартибдихи!$S$8:$S$400
Name БакияиБучет: #REF!
Name БакияиДарАввал: [1]БакияДарАввал!$B$8:$AMP$400
Name БакияиМахсус: #REF!
Name БакияиМахсус: #REF!
Name БакияКт_АввалСол: [1]Тартибдихи!$R$8:$R$400
Name БакияКт_ОхирСол: [1]Тартибдихи!$T$8:$T$400
Name ИчроишСмета: [1]ИчроишСмета!$B$12:$BMN$208
Name МаблагиГарБ: #REF!
Name ОстК_ДебетБ: '[2]5.Тартибдихи'!$H$7:$H$1102
Name ОстК_ДебетБ: #REF!
Name ОстК_ДебетМ: '[2]5.Тартибдихи'!$J$7:$J$1102
Name ОстК_ДебетМ: #REF!
Name ОстК_КредитБ: '[2]5.Тартибдихи'!$I$7:$I$1102
Name ОстК_КредитБ: #REF!
Name ОстК_КредитМ: '[2]5.Тартибдихи'!$K$7:$K$1102
Name ОстК_КредитМ: #REF!
Name ОстН_ДебетБ: '[2]5.Тартибдихи'!$D$7:$D$1102
Name ОстН_ДебетБ: #REF!
Name ОстН_ДебетМ: '[2]5.Тартибдихи'!$F$7:$F$1102
Name ОстН_ДебетМ: #REF!
Name ОстН_КредитБ: '[2]5.Тартибдихи'!$E$7:$E$1102
Name ОстН_КредитБ: #REF!
Name ОстН_КредитМ: '[2]5.Тартибдихи'!$G$7:$G$1102
Name ОстН_КредитМ: #REF!
Name РакамиНЯХ: '[2]5.Тартибдихи'!$A$7:$A$1102
Name РакамиНЯХ: #REF!
Name РамзиНЯХ: '[2]5.Тартибдихи'!$C$7:$C$1102
Name РамзиНЯХ: #REF!
Name РМА_АввалиСол: [1]БакияДарАввал!$E$3:$AMP$3
Name РМА_Бучет: #REF!
Name РМА_Ичроиш: [1]ИчроишСмета!$E$4:$BMN$4
Name РМА_Махсус: #REF!
Name РМА_Махсус: #REF!
Name РМА_ОхириСол: [1]БакияДарОхир!$E$3:$AMP$3

Sheet Ш-5 (СВОД)
D2: Замимаи 12 ба Дастурамал оиди тахия ва пешниходи хисоботи молиявии солона ва даврӣ мутобиқи СХМБДТ аз чониби муассиса ва ташкилотхои бучети
B4: Шакли №5
B5: Ҳисобот доир ба иҷроиши сметаи даромадҳо ва хароҷотҳо
B8: Рамзи ГМБ: | D8: 10801001
B9: Номгӯи ГМБ: | D9: =#REF! -> #REF!
B10: Давраи ҳисоботӣ: | D10: 30 сентябри соли 2026
B11: Воҳиди ченак: | D11: Сомонӣ
B13: ДАРОМАДҲО
B14: Номгуи гуруҳбандии бучетӣ: | E14: Гуруҳбандии даромадҳо
B15: Рамзи дархости даромадҳо/нақшаи даромадҳо: | E15: -
B16: Номгуи дархости даромадҳо/нақшаи даромадҳо: | E16: -
B17: Рамзи сарчашмаи маблағгузорӣ/дохилшавӣ: | E17: 111
B18: Номгӯи сарчашмаи маблағгузорӣ/дохилшавӣ: | E18: Маблағҳои буҷети ҷумҳуриявӣ
B19: Рамзи ГБ | C19: Номгуи ГБ | D19: Нақшаи тасдиқшуда | E19: Нақшаи аниқкардашуда | F19: Даромадҳои кассавӣ | G19: Даромадҳои воқеӣ
B20: 1 | C20: 2 | D20: 3 | E20: 4 | F20: 5 | G20: 6
A21: =IF(SUM(D21:G21)>0,1,0) -> 0 | C21: Бақия ба аввал
A22: =IF(SUM(D22:G22)>0,1,0) -> 1 | B22: 1. | C22: ҲАМАГӢ ДАРОМАДҲО | D22: =D23+D72+D95 -> 13579 | E22: =E23+E72+E95 -> 13579 | F22: 5555 | G22: 5555
A23: =IF(SUM(D23:G23)>0,1,0) -> 0 | B23: 1.01. | C23: Воридоти андозҳо | D23: =SUM(D24:D71) -> 0 | E23: =SUM(E24:E71) -> 0 | F23: =SUM(F24:F71) -> 0 | G23: =SUM(G24:G71) -> 0
A24: =IF(SUM(D24:G24)>0,1,0) -> 0 | B24: 1.01.01. | C24: Андоз аз даромад ва андоз аз фоида | G24: =F24 -> 0
A25: =IF(SUM(D25:G25)>0,1,0) -> 0 | B25: 1.01.01.01 | C25: Андоз аз даромад
A26: =IF(SUM(D26:G26)>0,1,0) -> 0 | B26: 1.01.01.02 | C26: Андоз аз фоида
A27: =IF(SUM(D27:G27)>0,1,0) -> 0 | B27: 1.01.02 | C27: Андози иҷтимоӣ | G27: =F27 -> 0
A28: =IF(SUM(D28:G28)>0,1,0) -> 0 | B28: 1.01.02.01 | C28: Андози иҷтимоӣ (1% Ташкилоту муассисаҳои буҷетӣ) | G28: =F28 -> 0
A29: =IF(SUM(D29:G29)>0,1,0) -> 0 | B29: 1.01.02.02 | C29: Андози иҷтимоӣ (25% Ташкилоту муассисаҳои буҷетӣ) | G29: =F29 -> 0
A30: =IF(SUM(D30:G30)>0,1,0) -> 0 | B30: 1.01.03 | C30: Андоз аз молу мулки ғайриманкул | G30: =F30 -> 0
A31: =IF(SUM(D31:G31)>0,1,0) -> 0 | B31: 1.01.03.01 | C31: Андоз аз молу мулки ғаӣриманқул
A32: =IF(SUM(D32:G32)>0,1,0) -> 0 | B32: 1.01.03.02 | C32: Андози замин аз шахсони ҳуқуқи
A33: =IF(SUM(D33:G33)>0,1,0) -> 0 | B33: 1.01.03.03 | C33: Андози замин аз шахсони воқеъӣ
A34: =IF(SUM(D34:G34)>0,1,0) -> 0 | B34: 1.01.04 | C34: Андоз аз фуруш | G34: =F34 -> 0
A35: =IF(SUM(D35:G35)>0,1,0) -> 0 | B35: 1.01.04.01 | C35: Андоз аз фуруши нахи пахта | G35: =F35 -> 0
A36: =IF(SUM(D36:G36)>0,1,0) -> 0 | B36: 1.01.04.02 | C36: Андоз аз фуруши алюминиӣи аввала | G36: =F36 -> 0
A37: =IF(SUM(D37:G37)>0,1,0) -> 0 | B37: 1.01.05 | C37: Андоз аз арзиши иловашуда | G37: =F37 -> 0
A38: =IF(SUM(D38:G38)>0,1,0) -> 0 | B38: 1.01.05.01 | C38: Андоз аз арзиши иловашудаи дохилӣ
A39: =IF(SUM(D39:G39)>0,1,0) -> 0 | B39: 1.01.05.02 | C39: Андоз аз арзиши иловашудаи берунӣ | G39: =F39 -> 0
A40: =IF(SUM(D40:G40)>0,1,0) -> 0 | B40: 1.01.06. | C40: Андоз аз истифодабарандагони роҳҳои автомобилгард | G40: =F40 -> 0
A41: =IF(SUM(D41:G41)>0,1,0) -> 0 | B41: 1.01.06.01 | C41: Андоз аз истифодабарандагони роҳҳои автомобилгард
A42: =IF(SUM(D42:G42)>0,1,0) -> 0 | B42: 1.01.07. | C42: Низоми махсуси андозбандӣ | G42: =F42 -> 0
A43: =IF(SUM(D43:G43)>0,1,0) -> 0 | B43: 1.01.06.01 | C43: Низоми соддакардашудаи андозбанди барои истехсолкун махсулоти кишоварзӣ
A44: =IF(SUM(D44:G44)>0,1,0) -> 0 | B44: 1.01.06.02 | C44: Низоми махсуси андозбандӣ барои субъектхои бизнеси бозӣ
A45: =IF(SUM(D45:G45)>0,1,0) -> 0 | B45: 1.01.06.03 | C45: Низоми соддакардашудаи андозбанди барои субъектҳои соҳибкории хурд
A46: =IF(SUM(D46:G46)>0,1,0) -> 0 | B46: 1.01.06.04 | C46: Низоми андоз ба. шах. воқеъие, ки фаъолияти соҳиб тибқи патент ё шаҳодатнома амалӣ мен/д
A47: =IF(SUM(D47:G47)>0,1,0) -> 0 | B47: 1.01.08. | C47: А к с и з ҳ о | G47: =F47 -> 0
A48: =IF(SUM(D48:G48)>0,1,0) -> 0 | B48: 1.01.08.01 | C48: - аксизҳои дохилӣ
A49: =IF(SUM(D49:G49)>0,1,0) -> 0 | B49: 1.01.08.01 | C49: Спирт ( денатурат ) | G49: =F49 -> 0
A50: =IF(SUM(D50:G50)>0,1,0) -> 0 | B50: 1.01.08.02 | C50: Арак | G50: =F50 -> 0
A51: =IF(SUM(D51:G51)>0,1,0) -> 0 | B51: 1.01.08.03 | C51: Шароб | G51: =F51 -> 0
A52: =IF(SUM(D52:G52)>0,1,0) -> 0 | B52: 1.01.08.04 | C52: Шампон | G52: =F52 -> 0
A53: =IF(SUM(D53:G53)>0,1,0) -> 0 | B53: 1.01.08.05 | C53: Конҳяк | G53: =F53 -> 0
A54: =IF(SUM(D54:G54)>0,1,0) -> 0 | B54: 1.01.08.06 | C54: Пиво | G54: =F54 -> 0
A55: =IF(SUM(D55:G55)>0,1,0) -> 0 | B55: 1.01.08.07 | C55: Махсулоти тамоку | G55: =F55 -> 0
A56: =IF(SUM(D56:G56)>0,1,0) -> 0 | B56: 1.01.08.08 | C56: Масолехи сузишвори ва молидани | G56: =F56 -> 0
A57: =IF(SUM(D57:G57)>0,1,0) -> 0 | B57: 1.01.08.09 | C57: Бензин | G57: =F57 -> 0
A58: =IF(SUM(D58:G58)>0,1,0) -> 0 | B58: 1.01.08.10 | C58: Ва гайрахо | G58: =F58 -> 0
A59: =IF(SUM(D59:G59)>0,1,0) -> 0 | B59: 1.01.08.02 | C59: - аксизхои берунӣ | G59: =F59 -> 0
A60: =IF(SUM(D60:G60)>0,1,0) -> 0 | B60: 1.01.08.01 | C60: Спирт ( денатурат ) | G60: =F60 -> 0
... A66: =IF(SUM(D66:G66)>0,1,0) -> 0 | B66: 1.01.10 | C66: Андозхои дигари дохили аз молу хизматрасонихо | G66: =F66 -> 0
A67: =IF(SUM(D67:G67)>0,1,0) -> 0 | B67: 1.01.10.01 | C67: Андоз аз воситаҳои нақлиёт
A68: =IF(SUM(D68:G68)>0,1,0) -> 0 | B68: 1.01.11 | C68: Андоз барои захираҳои табиӣ
A69: =IF(SUM(D69:G69)>0,1,0) -> 0 | B69: 1.01.11.01 | C69: Бонусҳо | G69: =F69 -> 0
A70: =IF(SUM(D70:G70)>0,1,0) -> 0 | B70: 1.01.11.02 | C70: Роялти | G70: =F70 -> 0
A71: =IF(SUM(D71:G71)>0,1,0) -> 0 | B71: 1.01.12. | C71: Боҷи давлатӣ
A72: =IF(SUM(D72:G72)>0,1,0) -> 0 | B72: 1.02. | C72: Воридоти ғайриандозӣ | D72: =SUM(D73:D94) -> 0 | E72: =SUM(E73:E94) -> 0 | F72: =SUM(F73:F94) -> 0 | G72: =SUM(G73:G94) -> 0
A73: =IF(SUM(D73:G73)>0,1,0) -> 0 | B73: 1.02.01 | C73: Воридот аз моликият ва фаъолияти сохибкорй | G73: =F73 -> 0
A74: =IF(SUM(D74:G74)>0,1,0) -> 0 | B74: 1.02.01.01 | C74: Тақсимоти дивидентҳо аз корхонаҳои ғайримолиявии давлатӣ | G74: =F74 -> 0
A75: =IF(SUM(D75:G75)>0,1,0) -> 0 | B75: 1.02.01.02 | C75: Аз ҳисоби депозитҳои ҲҶТ (фоизҳо ва ғайраҳо) | G75: =F75 -> 0
A76: =IF(SUM(D76:G76)>0,1,0) -> 0 | B76: 1.02.01.03 | C76: Аз Бонки миллии Точикистон (фоизхо ва ғайрахо) | G76: =F76 -> 0
A77: =IF(SUM(D77:G77)>0,1,0) -> 0 | B77: 1.02.01.04 | C77: Аз ташкилотхои молиявй ( фоизхо ва ғайрахо) | G77: =F77 -> 0
A78: =IF(SUM(D78:G78)>0,1,0) -> 0 | B78: 1.02.01.05 | C78: Ғайрахо ( хизматхои коммуналӣ ва ғайрахо) | G78: =F78 -> 0
A79: =IF(SUM(D79:G79)>0,1,0) -> 0 | B79: 1.02.02 | C79: Боҷ ва пардохтҳои маъмурӣ | G79: =F79 -> 0
A80: =IF(SUM(D80:G80)>0,1,0) -> 0 | B80: 1.02.02.01 | C80: Пардохти хизматҳои маъмурӣ | G80: =F80 -> 0
A81: =IF(SUM(D81:G81)>0,1,0) -> 0 | B81: 1.02.02.02 | C81: Пардохти хизматҳои гумрукӣ | G81: =F81 -> 0
A82: =IF(SUM(D82:G82)>0,1,0) -> 0 | B82: 1.02.02.03 | C82: Пардохт барои бланкахои шиносномахо | G82: =F82 -> 0
A83: =IF(SUM(D83:G83)>0,1,0) -> 0 | B83: 1.02.02.04 | C83: Пардохт барои маркахои аксизй | G83: =F83 -> 0
A84: =IF(SUM(D84:G84)>0,1,0) -> 0 | B84: 1.02.02.05 | C84: Воридот аз чорабинихои фархангию солимгардони | G84: =F84 -> 0
... A93: =IF(SUM(D93:G93)>0,1,0) -> 0 | B93: 1.02.04 | C93: Воридоти дигари ғайриандозӣ | G93: =F93 -> 0
A94: =IF(SUM(D94:G94)>0,1,0) -> 0 | B94: 1.02.04.01 | C94: Воридоти дигари ғайриандозӣ
A95: =IF(SUM(D95:G95)>0,1,0) -> 1 | B95: 1.03. | C95: Грантҳо | D95: =SUM(D96:D98) -> 13579 | E95: =SUM(E96:E98) -> 13579 | F95: =SUM(F96:F98) -> 255 | G95: =SUM(G96:G98) -> 248
A96: =IF(SUM(D96:G96)>0,1,0) -> 0 | B96: 1.03.02 | C96: Грантхои чори аз сатххои гуногуни макомотхои миллии идоракунии давлати | G96: =F96 -> 0
A97: =IF(SUM(D97:G97)>0,1,0) -> 0 | B97: 1.03.02.01 | C97: Маблағҳои гирифт. дар шакли субвенсия аз сатхи гуногуни идоракунии давлати | G97: =F97 -> 0
A98: =IF(SUM(D98:G98)>0,1,0) -> 1 | B98: 1.03.02.02 | C98: Маблагхои гириф. дар шакли хисоббаробаркуни аз сатхи гуногуни идоракунии давлати | D98: =D111 -> 13579 | E98: =E111 -> 13579 | F98: 255 | G98: 248
A99: =IF(SUM(D99:G99)>0,1,0) -> 1 | C99: ХАМАГӢ | D99: =D22 -> 13579 | E99: =E22 -> 13579 | F99: =F22 -> 5555 | G99: =G22 -> 5555
A100: 1
A101: 1 | B101: ХАРОҶОТҲО
A102: 1 | B102: Номгуи гуруҳбандии буҷетӣ: | E102: Гуруҳбандии иқтисодӣ
A103: 1 | B103: Рамзи дархости буҷетӣ/сметаҳо барои молиягузорӣ: | E103: -
A104: 1 | B104: Номгуи дархости буҷетӣ/смета барои маблағгузорӣ: | E104: -
A105: 1 | B105: Рамзи гуруҳбандии функсионалӣ: | E105: -
A106: 1 | B106: Номгуи гуруҳбандии функсионалӣ: | E106: -
A107: 1 | B107: Рамзи сарчашмаи маблағгузорӣ: | E107: 111
A108: 1 | B108: Номгуи сарчашмаи маблағгузорӣ: | E108: Маблағҳои буҷети ҷумҳуриявӣ
A109: 1 | B109: Рамзи ГБ | C109: Номгуи ГБ | D109: Нақшаи тасдиқшуда | E109: Нақшаи аниқкардашуда | F109: Хароҷотҳои кассавӣ | G109: Хароҷотҳои воқеӣ
A110: 1 | B110: 1 | C110: 2 | D110: 3 | E110: 4 | F110: 5 | G110: 6
A111: =IF(SUM(D111:G111)>0,1,0) -> 1 | B111: 2. | C111: Харочотҳо | D111: =D114+D116+D117+D120+D121+D122+D123+D124+D125+D126+D127+D128+D130+D131+D151+D156+D161+D162+D178+D179+D166+D160 -> 13579 | E111: =E112+E118+E132+E137+E141+E148+E152+E173+E192+E193+E194 -> 13579 | F111: =F115+F119+F129+F148+F152+F173+F114 -> 764 | G111: =G114+G117+G120+G123+G126+G127+G128+G130+G131+G151+G160+G161+G166+G179+G125+G150+G116+G178+G124 -> 744
A112: =IF(SUM(D112:G112)>0,1,0) -> 1 | B112: 21 | C112: Пардохти музди меҳнати кормандон ва маблағчудокуниҳои андозӣ | D112: =D113+D115 -> 0 | E112: =E113+E115 -> 0 | F112: =F114+F115 -> 185 | G112: =G114+G115 -> 185
A113: =IF(SUM(D113:G113)>0,1,0) -> 1 | B113: 211 | C113: Пардохти музди меҳнати кормандон | D113: =D114 -> 0 | E113: =E114 -> 0 | F113: =F117+F116+F114 -> 185 | G113: =G114 -> 40
A114: =IF(SUM(D114:G114)>0,1,0) -> 1 | B114: 2111 | C114: Музди меҳнат | F114: 40 | G114: 40
A115: =IF(SUM(D115:G115)>0,1,0) -> 1 | B115: 212 | C115: Маблағчудокуниҳои андозӣ | D115: =D116+D117 -> 0 | E115: =E116+E117 -> 0 | F115: =F116+F117 -> 145 | G115: =G116+G117 -> 145
A116: =IF(SUM(D116:G116)>0,1,0) -> 0 | B116: 2121 | C116: Пардохтҳо\маблағчудокуниҳо ба эҳтиёчоти ичтимоӣ
A117: =IF(SUM(D117:G117)>0,1,0) -> 1 | B117: 2122 | C117: Суғуртаи тиббӣ ва дигар суғуртаҳо | F117: 145 | G117: 145
A118: =IF(SUM(D118:G118)>0,1,0) -> 1 | B118: 22 | C118: Харочоти мол ва хизматрасониҳо | D118: =D119+D129 -> 1234 | E118: =E119 -> 1234 | F118: =F119 -> 39 | G118: =G119 -> 39
...
